model_name,task,num_params,dataset,num_classes,num_epochs,initial_train_loss,final_train_loss,initial_val_loss,final_val_loss,initial_train_acc,final_train_acc,initial_val_acc,final_val_acc,overfitting,underfitting,near_random
TRM,regression,367,sums,,50,4.3341,0.4678,4.3856,0.5086,,,,,False,False,False
TRM no rec,regression,367,sums,,50,4.2711,0.61,4.0034,0.6419,,,,,False,False,False
MLP,regression,309,sums,,50,4.3153,0.0004,4.4066,0.0004,,,,,False,False,False
TRM,regression,367,sums,,20,4.2153,0.3966,4.2075,0.4313,,,,,False,False,False
TRM no rec,regression,367,sums,,20,4.2646,0.5563,4.2402,0.5189,,,,,False,False,False
MLP,regression,309,sums,,20,4.2381,0.0032,4.3503,0.0037,,,,,False,False,False
TRM,regression,367,sums,,10,4.2616,3.0336,4.2677,3.1635,,,,,False,False,False
TRM no rec,regression,367,sums,,10,4.4484,1.145,4.3658,1.0204,,,,,False,False,False
MLP,regression,309,sums,,10,4.1453,0.01,4.2603,0.0105,,,,,False,False,False
TRM all grad,regression,367,sums,,10,4.3051,1.602,4.2508,1.2999,,,,,False,False,False
TRM no act,regression,367,sums,,10,4.2654,0.6355,4.065,0.6089,,,,,False,False,False
TRM no sa,regression,221,sums,,10,4.4297,4.1389,4.2416,4.2433,,,,,False,True,False
TRM 4 sa,regression,367,sums,,10,4.1178,3.1198,3.9513,2.8367,,,,,False,False,False
TRM 4H2L,regression,367,sums,,10,4.1439,0.4706,4.2403,0.4296,,,,,False,False,False
TRM 2H4L,regression,367,sums,,10,4.1796,1.5851,4.3056,1.3325,,,,,False,False,False
TRM 4 blocks,regression,711,sums,,10,4.1547,0.7792,4.2752,0.8803,,,,,False,False,False
TRM,regression,367,diabetes1,,50,0.9646,0.579,0.8466,0.5794,,,,,False,False,False
TRM no rec,regression,367,diabetes1,,50,1.2511,0.5844,0.9478,0.6764,,,,,False,False,False
MLP,regression,309,diabetes1,,50,1.069,0.4786,0.8807,0.6234,,,,,True,False,False
TRM,regression,367,diabetes1,,20,1.9948,0.9591,1.6082,0.8078,,,,,False,False,False
TRM no rec,regression,367,diabetes1,,20,0.9276,0.7509,0.8296,0.8619,,,,,False,True,False
MLP,regression,309,diabetes1,,20,1.1616,0.6488,0.9609,0.6381,,,,,False,False,False
TRM,regression,367,diabetes1,,10,1.3203,0.9893,0.827,0.8463,,,,,False,False,False
TRM no rec,regression,367,diabetes1,,10,1.2973,0.949,1.0107,0.8047,,,,,False,False,False
MLP,regression,309,diabetes1,,10,1.0089,0.9978,0.8503,0.8333,,,,,False,True,False
TRM all grad,regression,367,diabetes1,,10,1.7826,0.8687,1.4153,0.8571,,,,,False,False,False
TRM no act,regression,367,diabetes1,,10,0.9271,0.6966,0.7659,0.7875,,,,,False,False,False
TRM no sa,regression,221,diabetes1,,10,1.2856,0.9952,1.0608,0.8175,,,,,False,False,False
TRM 4 sa,regression,367,diabetes1,,10,1.1712,0.7737,0.8509,0.6757,,,,,False,False,False
TRM 4H2L,regression,367,diabetes1,,10,1.1535,1.0192,0.8957,0.8329,,,,,False,True,False
TRM 2H4L,regression,367,diabetes1,,10,1.0607,1.0172,0.8578,0.8449,,,,,False,True,False
TRM 4 blocks,regression,711,diabetes1,,10,1.0308,0.9648,0.836,0.8235,,,,,False,True,False
TRM,classification,1243,circle,2.0,50,0.6782,0.603,0.6764,0.6094,0.595,0.605,0.596,0.606,False,True,False
TRM no rec,classification,1243,circle,2.0,50,0.685,0.3889,0.6745,0.3764,0.5865,0.8315,0.598,0.836,False,False,False
MLP,classification,1129,circle,2.0,50,0.6746,0.0106,0.6749,0.0706,0.6015,0.9965,0.596,0.98,True,False,False
TRM,classification,1243,circle,2.0,20,0.6737,0.6782,0.6666,0.6702,0.593,0.608,0.614,0.574,False,True,False
TRM no rec,classification,1243,circle,2.0,20,0.6725,0.4499,0.668,0.4819,0.5825,0.791,0.598,0.772,False,False,False
MLP,classification,1129,circle,2.0,20,0.6785,0.0375,0.6762,0.0429,0.6015,0.9845,0.596,0.98,False,False,False
TRM,classification,1243,circle,2.0,10,0.6795,0.6533,0.6791,0.6678,0.5885,0.6105,0.596,0.586,False,True,False
TRM no rec,classification,1243,circle,2.0,10,0.6518,0.4766,0.6431,0.4996,0.594,0.7425,0.586,0.71,False,False,False
MLP,classification,1129,circle,2.0,10,0.6977,0.0533,0.6873,0.0595,0.4615,0.978,0.596,0.972,False,False,False
TRM all grad,classification,1243,circle,2.0,10,0.6729,0.3725,0.6701,0.3891,0.585,0.847,0.596,0.83,False,False,False
TRM no act,classification,1243,circle,2.0,10,0.673,0.586,0.6688,0.5628,0.5925,0.6645,0.596,0.682,False,True,False
TRM no sa,classification,681,circle,2.0,10,0.6751,0.5979,0.6524,0.5947,0.5745,0.6385,0.596,0.632,False,True,False
TRM 4 sa,classification,1243,circle,2.0,10,0.6821,0.6616,0.6683,0.6617,0.567,0.6015,0.596,0.596,False,True,False
TRM 4H2L,classification,1243,circle,2.0,10,0.6704,0.6576,0.6716,0.6731,0.5905,0.6095,0.596,0.604,False,True,False
TRM 2H4L,classification,1243,circle,2.0,10,0.6888,0.6728,0.673,0.6747,0.567,0.601,0.596,0.596,False,True,False
TRM 4 blocks,classification,2443,circle,2.0,10,0.671,0.6432,0.6647,0.6401,0.597,0.6015,0.616,0.596,False,True,False
TRM,classification,1243,diabetes2,2.0,50,0.6757,0.4506,0.649,0.5943,0.5896,0.7915,0.6558,0.6883,True,False,False
TRM no rec,classification,1243,diabetes2,2.0,50,0.6694,0.448,0.6126,0.5882,0.6189,0.7866,0.7013,0.7273,True,False,False
MLP,classification,1129,diabetes2,2.0,50,0.687,0.422,0.6812,0.5047,0.6515,0.8013,0.6494,0.7338,False,False,False
TRM,classification,1243,diabetes2,2.0,20,0.6581,0.5367,0.6471,0.5921,0.6303,0.7427,0.6494,0.6948,False,True,False
TRM no rec,classification,1243,diabetes2,2.0,20,0.6634,0.522,0.615,0.5602,0.5928,0.7313,0.6429,0.6948,False,False,False
MLP,classification,1129,diabetes2,2.0,20,0.6553,0.4441,0.6544,0.5168,0.6515,0.7899,0.6494,0.7273,False,False,False
TRM,classification,1243,diabetes2,2.0,10,0.639,0.5644,0.6376,0.5561,0.6205,0.7052,0.6494,0.6623,False,True,False
TRM no rec,classification,1243,diabetes2,2.0,10,0.6188,0.5599,0.6085,0.5701,0.6694,0.7248,0.6364,0.7013,False,True,False
MLP,classification,1129,diabetes2,2.0,10,0.6615,0.4603,0.6592,0.4887,0.6515,0.7655,0.6494,0.7597,False,False,False
TRM all grad,classification,1243,diabetes2,2.0,10,0.6793,0.5573,0.6361,0.5986,0.5798,0.7362,0.6753,0.6818,False,True,False
TRM no act,classification,1243,diabetes2,2.0,10,0.6802,0.5514,0.6481,0.5807,0.5684,0.7134,0.6234,0.6623,False,True,False
TRM no sa,classification,681,diabetes2,2.0,10,0.6587,0.6181,0.6538,0.6149,0.6466,0.6433,0.6494,0.6364,False,True,False
TRM 4 sa,classification,1243,diabetes2,2.0,10,0.6512,0.5791,0.6499,0.6217,0.645,0.6906,0.6494,0.6494,False,True,False
TRM 4H2L,classification,1243,diabetes2,2.0,10,0.6361,0.5266,0.6148,0.5698,0.6759,0.7524,0.7078,0.6883,False,True,False
TRM 2H4L,classification,1243,diabetes2,2.0,10,0.6215,0.4972,0.5742,0.5289,0.6352,0.7866,0.7143,0.7403,False,False,False
TRM 4 blocks,classification,2443,diabetes2,2.0,10,0.618,0.5173,0.6255,0.5679,0.6759,0.7671,0.6558,0.7338,False,True,False
TRM,classification,92712,words,10.0,50,1.7979,1.7072,1.9275,1.7117,0.354,0.1965,0.198,0.206,False,True,False
TRM no rec,classification,92712,words,10.0,50,0.3678,0.0001,0.0229,0.0001,0.9335,1.0,1.0,1.0,False,False,False
MLP,classification,91660,words,10.0,50,1.9686,0.0,1.1957,0.0,0.2025,1.0,0.516,1.0,False,False,False
TRM,classification,92712,words,10.0,20,1.0795,2.3169,1.2936,2.3059,0.636,0.0925,0.392,0.106,False,True,True
TRM no rec,classification,92712,words,10.0,20,0.4519,0.0004,0.0279,0.0004,0.9145,1.0,1.0,1.0,False,False,False
MLP,classification,91660,words,10.0,20,1.995,0.0,0.9579,0.0,0.1965,1.0,0.69,1.0,False,False,False
TRM,classification,92712,words,10.0,10,0.8332,1.421,0.821,1.2747,0.776,0.36,0.7,0.506,False,True,False
TRM no rec,classification,92712,words,10.0,10,0.4764,0.0016,0.0283,0.0014,0.889,1.0,1.0,1.0,False,False,False
MLP,classification,91660,words,10.0,10,1.982,0.0004,1.2869,0.0003,0.1825,1.0,0.472,1.0,False,False,False
TRM all grad,classification,92712,words,10.0,10,1.5268,0.0077,1.3201,0.007,0.369,1.0,0.318,1.0,False,False,False
TRM no act,classification,92712,words,10.0,10,0.3889,0.0014,0.0251,0.0013,0.9265,1.0,1.0,1.0,False,False,False
TRM no sa,classification,47126,words,10.0,10,0.3214,0.0013,0.0206,0.0012,0.943,1.0,1.0,1.0,False,False,False
TRM 4 sa,classification,92712,words,10.0,10,1.1127,1.8775,1.1023,1.6568,0.6325,0.286,0.672,0.294,False,True,False
TRM 4H2L,classification,92712,words,10.0,10,1.637,1.8433,2.2182,2.2432,0.4055,0.2325,0.512,0.188,False,True,False
TRM 2H4L,classification,92712,words,10.0,10,1.7246,1.9208,1.6836,1.2644,0.3475,0.2635,0.412,0.592,False,True,False
TRM 4 blocks,classification,184362,words,10.0,10,2.039,1.8471,1.8407,1.8331,0.1805,0.1925,0.176,0.198,False,True,False
TRM no rec,classification,3142,wines,7.0,50,2.2306,0.0821,1.971,0.3058,0.217,1.0,0.3056,0.9167,True,False,False
MLP,classification,2958,wines,7.0,50,2.012,0.3625,2.0035,0.4361,0.0,0.7358,0.0,0.6944,False,False,False
TRM,classification,3184,wines,10.0,50,2.7553,0.1662,2.4508,0.2104,0.0472,0.9906,0.1667,0.9722,False,False,False
TRM no rec,classification,3142,wines,7.0,50,1.618,0.1346,1.546,0.5104,0.4811,0.9906,0.4722,0.8889,True,False,False
MLP,classification,2958,wines,7.0,50,2.0765,0.6384,2.0643,0.6952,0.0,0.7358,0.0,0.6944,False,False,False
TRM,classification,3142,wines,7.0,20,2.1584,0.717,1.9458,0.6846,0.0566,0.8585,0.1667,0.8611,False,False,False
TRM no rec,classification,3142,wines,7.0,20,1.6575,0.5342,1.4002,0.5288,0.4434,0.8962,0.5,0.9167,False,False,False
MLP,classification,2958,wines,7.0,20,2.1532,1.3556,2.1428,1.328,0.0,0.4057,0.0,0.3889,False,False,False
TRM,classification,3142,wines,7.0,10,2.2502,1.0236,2.0798,1.0376,0.0,0.6981,0.0,0.6667,False,False,False
TRM no rec,classification,3142,wines,7.0,10,2.3153,0.8997,2.0657,0.8946,0.0283,0.717,0.0278,0.6944,False,False,False
MLP,classification,2958,wines,7.0,10,2.0942,1.9882,2.0859,1.9839,0.0,0.0,0.0,0.0,False,True,False
TRM all grad,classification,3142,wines,7.0,10,2.0104,0.7937,1.7116,0.703,0.2264,0.934,0.3056,0.9444,False,False,False
TRM no act,classification,3142,wines,7.0,10,1.9287,0.9297,1.8117,0.9986,0.0283,0.7453,0.0556,0.5833,False,False,False
TRM no sa,classification,1700,wines,7.0,10,1.996,1.0242,1.8349,1.0564,0.2453,0.6226,0.25,0.5833,False,False,False
TRM 4 sa,classification,3142,wines,7.0,10,2.1002,1.0281,1.925,1.0854,0.066,0.6698,0.25,0.5833,False,False,False
TRM 4H2L,classification,3142,wines,7.0,10,2.3695,1.0351,1.9598,1.0247,0.0472,0.6698,0.1111,0.6667,False,False,False
TRM 2H4L,classification,3142,wines,7.0,10,2.0762,0.934,1.89,0.9248,0.0377,0.7075,0.0556,0.7222,False,False,False
TRM 4 blocks,classification,6132,wines,7.0,10,2.0408,0.9633,1.7099,0.8172,0.0377,0.7453,0.2778,0.8889,False,False,False
TRM (Gaussian with no shift),regression,6943,Gaussian-no shift,,50,0.3858,0.2207,0.1579,0.0341,,,,,False,False,False
TRM no rec (Gaussian with no shift),regression,6943,Gaussian-no shift,,50,0.4715,0.2195,0.1268,0.0308,,,,,False,False,False
MLP (Gaussian with no shift),regression,6661,Gaussian-no shift,,50,1.1573,0.1618,0.1703,0.087,,,,,False,False,False
TRM (Gaussian with Gaussian shift),regression,6943,Gaussian-Gaussian shift,,50,0.3727,0.2542,0.0637,0.0389,,,,,False,False,False
TRM no rec (Gaussian with Gaussian shift),regression,6943,Gaussian-Gaussian shift,,50,0.5644,0.2424,0.1504,0.0646,,,,,False,False,False
MLP (Gaussian with Gaussian shift),regression,6661,Gaussian-Gaussian shift,,50,0.9634,0.1916,0.1147,0.0631,,,,,False,False,False
TRM (Gaussian with Laplace shift),regression,6943,Gaussian-Laplace shift,,50,0.4988,0.2334,0.0906,0.0417,,,,,False,False,False
TRM no rec (Gaussian with Laplace shift),regression,6943,Gaussian-Laplace shift,,50,0.419,0.2241,0.0799,0.0402,,,,,False,False,False
MLP (Gaussian with Laplace shift),regression,6661,Gaussian-Laplace shift,,50,0.9433,0.1981,0.1569,0.0686,,,,,False,False,False
TRM (Gaussian with Uniform shift),regression,6943,Gaussian-Uniform shift,,50,0.4748,0.2597,0.1256,0.0823,,,,,False,False,False
TRM no rec (Gaussian with Uniform shift),regression,6943,Gaussian-Uniform shift,,50,0.3444,0.2338,0.0614,0.0506,,,,,False,False,False
MLP (Gaussian with Uniform shift),regression,6661,Gaussian-Uniform shift,,50,1.0868,0.189,0.2224,0.0931,,,,,False,False,False
TRM (Laplace with no shift),regression,6943,Laplace-no shift,,50,0.7252,0.6308,0.6729,0.7552,,,,,False,True,False
TRM no rec (Laplace with no shift),regression,6943,Laplace-no shift,,50,1.0658,0.5486,0.6921,0.7236,,,,,True,False,False
MLP (Laplace with no shift),regression,6661,Laplace-no shift,,50,1.0544,0.2793,0.6718,0.9898,,,,,True,False,False
TRM (Laplace with Gaussian shift),regression,6943,Laplace-Gaussian shift,,50,0.7514,0.6407,0.6902,0.717,,,,,False,True,False
TRM no rec (Laplace with Gaussian shift),regression,6943,Laplace-Gaussian shift,,50,0.7574,0.6358,0.6805,0.7478,,,,,False,True,False
MLP (Laplace with Gaussian shift),regression,6661,Laplace-Gaussian shift,,50,1.0832,0.2863,0.6739,1.1993,,,,,True,False,False
TRM (Laplace with Laplace shift),regression,6943,Laplace-Laplace shift,,50,0.7833,0.626,0.6728,0.6946,,,,,False,False,False
TRM no rec (Laplace with Laplace shift),regression,6943,Laplace-Laplace shift,,50,0.7674,0.5761,0.6748,0.7582,,,,,True,False,False
MLP (Laplace with Laplace shift),regression,6661,Laplace-Laplace shift,,50,1.2847,0.2353,0.6797,1.1661,,,,,True,False,False
TRM (Laplace with Uniform shift),regression,6943,Laplace-Uniform shift,,50,0.765,0.6328,0.6794,0.6991,,,,,False,True,False
TRM no rec (Laplace with Uniform shift),regression,6943,Laplace-Uniform shift,,50,0.7736,0.5675,0.6819,0.7835,,,,,True,False,False
MLP (Laplace with Uniform shift),regression,6661,Laplace-Uniform shift,,50,1.1205,0.2808,0.6677,1.0887,,,,,True,False,False
TRM (Mixture with no shift),regression,6943,Mixture-no shift,,50,0.577,0.2427,0.1066,0.0397,,,,,False,False,False
TRM no rec (Mixture with no shift),regression,6943,Mixture-no shift,,50,0.4657,0.2275,0.1095,0.0442,,,,,False,False,False
MLP (Mixture with no shift),regression,6661,Mixture-no shift,,50,1.213,0.1524,0.3395,0.0821,,,,,False,False,False
TRM (Mixture with Gaussian shift),regression,6943,Mixture-Gaussian shift,,50,0.444,0.2695,0.1304,0.0853,,,,,False,False,False
TRM no rec (Mixture with Gaussian shift),regression,6943,Mixture-Gaussian shift,,50,0.3796,0.2374,0.0982,0.0727,,,,,False,False,False
MLP (Mixture with Gaussian shift),regression,6661,Mixture-Gaussian shift,,50,1.1157,0.1879,0.1837,0.0936,,,,,False,False,False
TRM (Mixture with Laplace shift),regression,6943,Mixture-Laplace shift,,50,0.3339,0.2294,0.0898,0.0463,,,,,False,False,False
TRM no rec (Mixture with Laplace shift),regression,6943,Mixture-Laplace shift,,50,0.417,0.2287,0.0943,0.051,,,,,False,False,False
MLP (Mixture with Laplace shift),regression,6661,Mixture-Laplace shift,,50,0.7953,0.1584,0.183,0.145,,,,,False,False,False
TRM (Mixture with Uniform shift),regression,6943,Mixture-Uniform shift,,50,0.3741,0.2175,0.0796,0.0511,,,,,False,False,False
TRM no rec (Mixture with Uniform shift),regression,6943,Mixture-Uniform shift,,50,0.497,0.2172,0.0759,0.0329,,,,,False,False,False
MLP (Mixture with Uniform shift),regression,6661,Mixture-Uniform shift,,50,1.0104,0.1661,0.237,0.0758,,,,,False,False,False
